Pergunta,Resposta
O que é uma variável em programação?,"Imagina que você tem uma caixa de brinquedos, onde você pode colocar diferentes tipos de brinquedos, como carrinhos, bonecas ou legos. Essa caixa é como uma variável! Em programação, uma variável é um espaço onde você guarda dados. Pode ser um número, um texto ou até um valor que você vai mudar ao longo do tempo. É como se você fosse o mestre dos brinquedos, decidindo o que vai dentro da caixa! 🧸"
O que é um loop em programação?,"Sabe quando o Buzz Lightyear em 'Toy Story' repete o famoso 'Até o infinito e além!' várias vezes, porque ele está determinado a cumprir sua missão? Um loop é como esse comportamento do Buzz! É quando o computador repete uma tarefa várias vezes, até que uma condição seja atendida. Pode ser uma contagem de 1 a 10, ou até mesmo a execução de uma ação sem parar, até que algo mude. 🌀"
O que é uma função em programação?,"Imagine que você tem uma receita secreta para fazer o melhor bolo de chocolate do mundo! Cada vez que você quer um bolo, você segue a mesma receita, e no final, tem sempre um bolo delicioso. Uma função é como essa receita! É um conjunto de instruções que você escreve uma vez, mas pode usar várias vezes, sempre que precisar daquele resultado específico. 🍰🔮"
O que é um if em programação?,"Lembra do 'se' do filme 'Se eu fosse você'? No 'Se eu fosse você', a decisão de mudar de corpo acontece dependendo de uma condição, ou seja, 'se isso acontecer, eu faço aquilo.' No mundo da programação, o 'if' funciona assim: ele pergunta, 'Se X acontecer, faça Y', e se a condição for verdadeira, o computador vai executar a ação! 🤔🧑‍🚀"
O que é uma variável em programação?,"Imagina que você tem uma caixa de brinquedos, onde você pode colocar diferentes tipos de brinquedos, como carrinhos, bonecas ou legos. Essa caixa é como uma variável! Em programação, uma variável é um espaço onde você guarda dados. Pode ser um número, um texto ou até um valor que você vai mudar ao longo do tempo. É como se você fosse o mestre dos brinquedos, decidindo o que vai dentro da caixa! 🧸"
O que é um loop em programação?,"Sabe quando o Buzz Lightyear em 'Toy Story' repete o famoso 'Até o infinito e além!' várias vezes, porque ele está determinado a cumprir sua missão? Um loop é como esse comportamento do Buzz! É quando o computador repete uma tarefa várias vezes, até que uma condição seja atendida. Pode ser uma contagem de 1 a 10, ou até mesmo a execução de uma ação sem parar, até que algo mude. 🌀"
O que é uma função em programação?,"Imagine que você tem uma receita secreta para fazer o melhor bolo de chocolate do mundo! Cada vez que você quer um bolo, você segue a mesma receita, e no final, tem sempre um bolo delicioso. Uma função é como essa receita! É um conjunto de instruções que você escreve uma vez, mas pode usar várias vezes, sempre que precisar daquele resultado específico. 🍰🔮"
O que é um if em programação?,"Lembra do 'se' do filme 'Se eu fosse você'? No 'Se eu fosse você', a decisão de mudar de corpo acontece dependendo de uma condição, ou seja, 'se isso acontecer, eu faço aquilo.' No mundo da programação, o 'if' funciona assim: ele pergunta, 'Se X acontecer, faça Y', e se a condição for verdadeira, o computador vai executar a ação! 🤔🧑‍🚀"
O que é um array em programação?,"Imagine que você está montando um time de super-heróis, e cada um tem uma habilidade especial, como voar, ser invisível ou ter superforça. Um array é como uma fila de super-heróis, onde você coloca diferentes itens (dados), um ao lado do outro, para que, ao precisar, você possa chamar um deles rapidamente. 🦸‍♀️🦸‍♂️"
O que é um loop for em programação?,"O 'loop for' é como um filme de aventura em série, onde a cada episódio, o herói faz uma missão. O loop 'for' vai de um ponto a outro, repetindo a tarefa até alcançar o fim da missão. Então, como um herói que viaja para diferentes mundos, o 'for' repete uma tarefa para cada elemento de um conjunto. 🌍🎬"
O que é um operador lógico em programação?,"Sabe aquele momento de decisão no filme 'O Senhor dos Anéis', onde Frodo tem que decidir se vai continuar a jornada? Um operador lógico funciona assim: ele ajuda o computador a tomar decisões! Com o 'E' (&&) e 'OU' (||), o computador verifica se várias condições são verdadeiras ou não, para saber se pode ou não continuar com a tarefa. 🔍⚖️"
O que é uma classe em programação?,"Imagina que você tem um personagem de desenho animado, como o Scooby-Doo. Ele é de uma 'classe' chamada 'cachorro', mas tem várias instâncias de Scoobys – diferentes Scoobys em diferentes momentos ou lugares. Uma classe é como o molde ou plano para criar várias instâncias de algo na programação! 🐕‍🦺📚"
O que é um objeto em programação?,"Um objeto em programação é como um boneco de ação. Ele tem características (propriedades) e habilidades (métodos). Assim como um boneco pode ter uma capa ou um poder de voar, um objeto tem atributos e funções que podem ser usados na programação para representar coisas reais ou imaginárias. 🎮🦸"
O que é um método em programação?,"Lembra do Tony Stark em 'Vingadores', quando ele cria algo novo a cada filme? Cada vez que ele faz uma mudança em sua armadura, ele segue uma sequência de passos. Um método é como esse conjunto de passos: ele diz ao computador o que fazer de forma específica para alcançar um resultado. 🦾🤖"
O que é um operador de comparação?,"Sabe quando os Vingadores comparam se as habilidades do Thanos são mais fortes que as deles? Os operadores de comparação fazem isso na programação! Eles comparam dois valores para ver se são iguais, maiores, menores ou diferentes. Como um duelo de super-heróis, eles analisam quem é mais poderoso! ⚔️💥"
O que é uma string em programação?,"Imagina que você tem um monte de letras dançando em uma fila, como no filme 'Rei Leão', onde as letras são como personagens que se unem para contar uma história. Uma string é uma sequência de caracteres, ou seja, um texto que pode ser usado para mostrar palavras, frases ou qualquer coisa escrita no computador! 🦁📜"
O que é uma exceção em programação?,"Lembra daquela cena inesperada em 'Harry Potter', quando algo fora do comum acontece e todo mundo fica surpreso? Uma exceção é como esse momento surpresa: quando algo inesperado ocorre durante a execução do código, a programação 'joga' uma exceção para lidar com isso de forma segura. 🎇✨"
O que é uma biblioteca em programação?,"Sabe aquele livro mágico do Doutor Estranho que tem todos os feitiços? Uma biblioteca de programação é como um livro cheio de códigos prontos, que você pode usar sempre que precisar. Ela contém várias funções e classes que facilitam sua vida e te ajudam a programar de forma mais rápida e eficiente. 📚💻"
O que é o comando break?,"O comando 'break' é como o momento de pausa em uma batalha de luta de filmes. Quando o herói precisa parar de lutar para pensar em uma nova estratégia, ele usa o 'break' para interromper a ação no meio do caminho, saindo do loop ou estrutura de repetição. ⚡✋"
O que é uma condição em programação?,"As condições são como as escolhas que os personagens de 'Game of Thrones' precisam fazer em momentos cruciais. Eles precisam decidir o que fazer baseados em várias situações. Na programação, uma condição pergunta: 'Se isso acontecer, então faça aquilo'. Ela decide o caminho a ser seguido dependendo do que está acontecendo no código. ⚔️❄️"
O que é o comando continue?,"O 'continue' é como aquele personagem de 'Os Incríveis' que, ao invés de parar no meio da ação, decide seguir em frente, ignorando um obstáculo e indo para a próxima parte da missão. Quando usado, ele pula para a próxima iteração de um loop. 🦸‍♂️➡️"
O que é um algoritmo?,"Um algoritmo é como o plano perfeito do Sherlock Holmes para resolver um mistério. Ele descreve o passo a passo de como chegar a uma solução. Cada etapa é importante para chegar ao objetivo final, assim como no trabalho de detetive. 🔍💡"
O que é uma estrutura de dados?,"Imagina que você tem um mapa do tesouro, onde cada ponto do mapa representa uma área de armazenamento de dados. Uma estrutura de dados organiza esse mapa, dizendo onde cada pedaço de informação está localizado, para facilitar encontrar o que você precisa, como um mapa bem desenhado! 🏴‍☠️🗺️"
O que é um parâmetro em uma função?,"Sabe aquele comando secreto que o mestre Jedi passa para o Luke Skywalker, como 'Use a Força'? O parâmetro é como essa dica secreta! Ele é passado para a função para dar uma direção ou informação extra de como a função deve agir. 🧑‍🚀⚡"
O que é um retorno de função?,"Quando o Aladim encontra a lâmpada mágica e pede ao gênio para realizar um desejo, o retorno da função é como esse pedido sendo cumprido. A função realiza uma tarefa e, no final, retorna um valor (ou resultado) que pode ser usado em outro lugar do código. 🧞‍♂️✨"
